state_code,state_name,level,dist_code,name_of_city,population_total,population_male,population_female,0-6_population_total,0-6_population_male,0-6_population_female,literates_total,literates_male,literates_female,sex_ratio,child_sex_ratio,effective_literacy_rate_total,effective_literacy_rate_male,effective_literacy_rate_female
01,JAMMU & KASHMIR,71,10,Srinagar (M Corp.),"1,192,792","631,916","560,876","148,178","79,293","68,885","741,441","428,915","312,526",888,869,70.98,77.61,63.52
01,JAMMU & KASHMIR,71,14,Anantnag (M Cl),"108,505","56,030","52,475","18,056","9,633","8,423","71,408","39,591","31,817",937,874,78.95,85.33,72.23
01,JAMMU & KASHMIR,71,21,Jammu (MC),"503,690","265,346","238,344","42,655","23,317","19,338","413,366","225,410","187,956",898,829,89.66,93.13,85.82
02,HIMACHAL PRADESH,71,11,Shimla (M Corp.),"169,758","93,364","76,394","13,646","7,221","6,425","147,799","82,486","65,313",818,890,94.67,95.75,93.35
03,PUNJAB,71,01,Pathankot (M Cl),"148,357","77,833","70,524","13,496","7,488","6,008","119,483","64,673","54,810",906,802,88.60,91.94,84.96
03,PUNJAB,71,01,Batala (M Cl),"156,400","82,459","73,941","14,698","8,028","6,670","121,138","66,101","55,037",897,831,85.49,88.81,81.81
03,PUNJAB,7,02,Kapurthala (M Cl),"101,654","55,485","46,169","9,706","5,162","4,544","78,914","44,399","34,515",832,880,85.82,88.23,82.92
03,PUNJAB,71,03,Jalandhar (M Corp.),"862,196","458,015","404,181","83,669","44,850","38,819","665,625","363,500","302,125",882,866,85.50,87.98,82.69
03,PUNJAB,7,04,Hoshiarpur (M Cl),"168,443","88,290","80,153","16,836","9,178","7,658","135,094","72,533","62,561",908,834,89.11,91.68,86.30
03,PUNJAB,7,07,Khanna (M Cl),"128,130","67,811","60,319","13,218","7,232","5,986","97,022","53,108","43,914",890,828,84.43,87.67,80.82
03,PUNJAB,7,07,Ludhiana (M Corp.),"1,613,878","874,773","739,105","173,021","92,492","80,529","1,230,218","691,161","539,057",845,871,85.38,88.35,81.85
03,PUNJAB,71,08,Moga (M Cl),"150,432","79,760","70,672","15,502","8,348","7,154","110,764","60,698","50,066",886,857,82.09,85.00,78.82
03,PUNJAB,7,09,Firozpur (M Cl),"110,091","58,401","51,690","11,516","6,262","5,254","78,615","43,468","35,147",885,839,79.75,83.37,75.69
03,PUNJAB,7,09,Abohar (M Cl),"145,238","76,840","68,398","15,870","8,587","7,283","103,319","58,347","44,972",890,848,79.86,85.49,73.59
03,PUNJAB,7,10,Muktsar (M Cl),"117,085","62,005","55,080","13,639","7,448","6,191","79,979","45,007","34,972",888,831,77.31,82.50,71.53
03,PUNJAB,7,12,Bathinda (M Corp.),"285,813","151,782","134,031","30,713","16,472","14,241","211,318","118,888","92,430",883,865,82.84,87.86,77.16
03,PUNJAB,71,14,Patiala (M Corp.),"405,164","215,606","189,558","39,155","21,058","18,097","316,093","174,291","141,802",879,859,86.36,89.59,82.70
03,PUNJAB,71,15,Amritsar (M Corp.),"1,132,761","602,754","530,007","109,540","60,056","49,484","872,527","478,062","394,465",879,824,85.27,88.09,82.09
03,PUNJAB,71,18,S.A.S. Nagar (M Cl),"146,104","76,441","69,663","13,155","6,975","6,180","123,930","66,100","57,830",911,886,93.22,95.15,91.10
03,PUNJAB,7,19,Malerkotla (M Cl),"135,330","71,401","63,929","16,315","8,365","7,950","83,606","47,164","36,442",895,950,70.25,74.82,65.10
03,PUNJAB,7,20,Barnala (M Cl),"116,454","62,302","54,152","12,984","7,096","5,888","82,347","46,100","36,247",869,830,79.59,83.51,75.10
04,CHANDIGARH,71,01,Chandigarh (M Corp.),"960,787","525,226","435,561","104,192","56,020","48,172","743,254","426,071","317,183",829,860,86.77,90.81,81.88
05,UTTARAKHAND,71,05,Dehradun (M Corp.),"578,420","303,411","275,009","59,180","31,600","27,580","463,791","251,832","211,959",906,873,89.32,92.65,85.66
05,UTTARAKHAND,71,11,Haldwani-cum-Kathgodam (NPP),"156,060","81,918","74,142","19,783","10,397","9,386","111,410","60,678","50,732",905,903,81.75,84.84,78.34
05,UTTARAKHAND,7,12,Kashipur (NPP),"121,610","63,625","57,985","14,381","7,792","6,589","89,433","49,030","40,403",911,846,83.40,87.82,78.61
05,UTTARAKHAND,71,12,Rudrapur (NPP),"140,884","74,276","66,608","19,727","10,342","9,385","88,700","51,407","37,293",897,907,73.21,80.41,65.17
05,UTTARAKHAND,71,13,Roorkee (NPP),"118,188","63,508","54,680","11,596","6,337","5,259","96,674","53,928","42,746",861,830,90.70,94.33,86.49
05,UTTARAKHAND,71,13,Hardwar (NPP),"225,235","120,201","105,034","25,950","13,853","12,097","169,371","94,508","74,863",874,873,84.99,88.87,80.55
06,HARYANA,7,01,Panchkula (M Cl) (incl.spl),"210,175","111,622","98,553","22,111","12,024","10,087","165,235","90,938","74,297",883,839,87.86,91.31,83.98
06,HARYANA,71,02,Ambala Sadar (M CL),"104,268","54,241","50,027","9,646","5,239","4,407","83,236","43,444","39,792",922,841,87.97,88.66,87.22
06,HARYANA,7,02,Ambala (M Cl),"196,216","103,533","92,683","19,645","10,713","8,932","155,780","85,004","70,776",895,834,88.23,91.58,84.51
06,HARYANA,71,03,Yamunanagar (M Cl),"216,628","115,404","101,224","22,905","12,556","10,349","166,419","92,164","74,255",877,824,85.91,89.61,81.71
06,HARYANA,71,03,Jagadhri (M Cl),"124,915","67,752","57,163","13,635","7,484","6,151","95,469","53,660","41,809",844,822,85.79,89.04,81.96
06,HARYANA,7,04,Thanesar (M Cl),"154,962","83,655","71,307","15,594","8,401","7,193","119,482","67,646","51,836",852,856,85.73,89.89,80.85
06,HARYANA,7,05,Kaithal (M Cl),"144,633","76,657","67,976","16,690","9,156","7,534","103,329","59,162","44,167",887,823,80.76,87.65,73.07
06,HARYANA,71,06,Karnal (M Cl),"286,974","151,668","135,306","31,291","17,319","13,972","220,711","121,652","99,059",892,807,86.32,90.55,81.64
06,HARYANA,71,07,Panipat (M Cl),"294,150","157,302","136,848","35,477","19,246","16,231","218,023","122,629","95,394",870,843,84.29,88.83,79.09
06,HARYANA,71,08,Sonipat (M Cl),"277,053","147,933","129,120","30,809","17,232","13,577","215,609","121,821","93,788",873,788,87.56,93.21,81.17
06,HARYANA,7,09,Jind (M Cl),"166,225","88,561","77,664","18,825","10,280","8,545","123,267","71,129","52,138",877,831,83.63,90.86,75.43
06,HARYANA,7,11,Sirsa (M Cl),"183,282","96,806","86,476","20,161","11,161","9,000","135,435","75,796","59,639",893,806,83.03,88.50,76.98
06,HARYANA,71,12,Hisar (M Cl),"301,249","163,338","137,911","33,514","18,015","15,499","216,978","125,172","91,806",844,860,81.04,86.13,75.00
06,HARYANA,7,13,Bhiwani (M Cl),"197,662","105,372","92,290","22,507","12,444","10,063","147,807","84,028","63,779",876,809,84.39,90.42,77.56
06,HARYANA,7,14,Rohtak (M Cl),"373,133","197,754","175,379","40,715","22,711","18,004","279,509","155,679","123,830",887,793,84.08,88.94,78.68
06,HARYANA,7,15,Bahadurgarh (M Cl),"170,426","91,736","78,690","20,374","11,420","8,954","132,108","75,714","56,394",858,784,88.04,94.27,80.87
06,HARYANA,7,17,Rewari (M Cl),"140,864","74,689","66,175","15,986","8,958","7,028","110,205","61,933","48,272",886,785,88.25,94.22,81.61
06,HARYANA,71,18,Gurgaon (M Corp.),"876,824","475,612","401,212","108,623","58,842","49,781","662,969","373,164","289,805",844,846,86.30,89.54,82.46
06,HARYANA,7,20,Faridabad (M Corp.),"1,404,653","750,446","654,207","176,773","95,808","80,965","1,042,168","592,024","450,144",872,845,84.88,90.44,78.53
06,HARYANA,71,21,Palwal (M Cl),"127,931","67,887","60,044","15,662","8,614","7,048","90,937","52,028","38,909",884,818,81.00,87.78,73.42
07,NCT OF DELHI,71,99,DMC (U) (M Corp.),"11,007,835","5,871,362","5,136,473","1,209,275","647,938","561,337","8,583,105","4,776,490","3,806,615",875,866,87.60,91.44,83.20
07,NCT OF DELHI,71,99,NDMC (M Cl) Total,"249,998","136,438","113,560","20,857","11,158","9,699","208,352","118,453","89,899",832,869,90.93,94.55,86.56
07,NCT OF DELHI,81,01,Kirari Suleman Nagar (CT),"282,598","152,135","130,463","40,720","21,149","19,571","191,624","113,079","78,545",858,925,79.22,86.33,70.83
07,NCT OF DELHI,81,01,Sultan Pur Majra (CT),"181,624","95,816","85,808","24,254","12,842","11,412","125,557","72,458","53,099",896,889,79.78,87.33,71.37
07,NCT OF DELHI,81,01,Bhalswa Jahangir Pur (CT),"197,150","106,271","90,879","27,653","14,678","12,975","130,417","76,114","54,303",855,884,76.94,83.10,69.71
07,NCT OF DELHI,81,02,Burari (CT),"145,584","77,767","67,817","18,134","9,809","8,325","113,188","64,125","49,063",872,849,88.81,94.36,82.47
07,NCT OF DELHI,81,03,Karawal Nagar (CT),"224,666","120,284","104,382","30,985","16,871","14,114","163,801","94,870","68,931",868,837,84.57,91.74,76.36
07,NCT OF DELHI,81,03,Mustafabad (CT),"127,012","66,754","60,258","19,370","10,176","9,194","81,915","47,714","34,201",903,903,76.10,84.33,66.98
07,NCT OF DELHI,81,03,Gokal Pur (CT),"121,938","64,935","57,003","15,299","8,282","7,017","90,904","51,785","39,119",878,847,85.24,91.41,78.26
07,NCT OF DELHI,81,03,Mandoli (CT),"120,345","64,123","56,222","16,212","8,547","7,665","84,053","48,535","35,518",877,897,80.72,87.33,73.15
07,NCT OF DELHI,81,04,Dallo Pura (CT),"154,955","81,425","73,530","18,832","9,961","8,871","111,514","62,799","48,715",903,891,81.92,87.88,75.34
07,NCT OF DELHI,81,07,Hastsal (CT),"177,033","95,068","81,965","23,920","12,775","11,145","129,653","75,259","54,394",862,872,84.68,91.45,76.81
07,NCT OF DELHI,81,07,Nangloi Jat (CT),"205,497","110,068","95,429","28,274","15,215","13,059","147,805","85,448","62,357",867,858,83.40,90.08,75.70
07,NCT OF DELHI,71,08,Delhi Cantonment (CB),"116,352","67,703","48,649","13,214","7,258","5,956","93,971","57,144","36,827",719,821,91.11,94.54,86.26
07,NCT OF DELHI,81,09,Deoli (CT),"169,410","91,173","78,237","22,526","12,001","10,525","123,167","72,062","51,105",858,877,83.85,91.02,75.47
08,RAJASTHAN,71,01,Ganganagar (M Cl),"224,773","120,929","103,844","24,768","13,651","11,117","166,449","95,374","71,075",859,814,83.22,88.90,76.65
08,RAJASTHAN,7,02,Hanumangarh (M Cl),"151,104","79,817","71,287","17,947","9,709","8,238","104,285","59,883","44,402",893,848,78.32,85.42,70.42
08,RAJASTHAN,7,03,Bikaner (M Corp.),"647,804","340,894","306,910","82,264","43,280","38,984","451,663","259,367","192,296",900,901,79.86,87.15,71.77
08,RAJASTHAN,71,04,Churu (M Cl),"119,846","61,771","58,075","16,334","8,513","7,821","77,751","46,055","31,696",940,919,75.11,86.48,63.07
08,RAJASTHAN,7,04,Sujangarh (M),"101,528","52,078","49,450","14,723","7,775","6,948","64,716","37,914","26,802",950,894,74.55,85.58,63.06
08,RAJASTHAN,7,05,Jhunjhunun (M Cl),"118,966","61,906","57,060","16,563","8,887","7,676","76,183","44,962","31,221",922,864,74.40,84.80,63.22
08,RAJASTHAN,71,06,Alwar (M Cl),"315,310","166,900","148,410","34,576","18,862","15,714","243,634","138,737","104,897",889,833,86.78,93.72,79.05
08,RAJASTHAN,7,06,Bhiwadi (M),"104,883","59,757","45,126","16,884","9,080","7,804","70,987","44,697","26,290",755,859,80.67,88.20,70.44
08,RAJASTHAN,71,07,Bharatpur (M Cl),"252,109","134,088","118,021","31,538","17,245","14,293","181,159","105,642","75,517",880,829,82.13,90.41,72.80
08,RAJASTHAN,71,08,Dhaulpur (M),"126,142","67,740","58,402","17,199","9,459","7,740","83,405","49,087","34,318",862,818,76.56,84.22,67.74
08,RAJASTHAN,7,09,Hindaun (M),"105,690","56,178","49,512","15,451","8,345","7,106","69,108","41,993","27,115",881,852,76.58,87.79,63.94
08,RAJASTHAN,71,10,Gangapur City (M),"119,045","62,910","56,135","16,098","8,693","7,405","82,132","49,231","32,901",892,852,79.78,90.80,67.52
08,RAJASTHAN,7,10,Sawai Madhopur (M),"120,998","63,223","57,775","15,286","8,170","7,116","85,472","50,438","35,034",914,871,80.85,91.62,69.16
08,RAJASTHAN,7,12,Jaipur (M Corp.),"3,073,350","1,619,280","1,454,070","378,788","204,320","174,468","2,272,724","1,282,140","990,584",898,854,84.34,90.61,77.41
08,RAJASTHAN,71,13,Sikar (M Cl),"237,579","123,156","114,423","32,189","17,236","14,953","158,413","91,403","67,010",929,868,77.13,86.29,67.37
08,RAJASTHAN,71,14,Nagaur (M),"100,618","52,220","48,398","12,974","6,914","6,060","64,028","37,179","26,849",927,876,73.05,82.06,63.42
08,RAJASTHAN,71,15,Jodhpur (M Corp.),"1,033,918","544,057","489,861","126,543","66,662","59,881","740,011","422,120","317,891",900,898,81.56,88.42,73.93
08,RAJASTHAN,7,20,Pali (M Cl),"229,956","120,008","109,948","30,566","16,257","14,309","156,858","92,705","64,153",916,880,78.67,89.35,67.08
08,RAJASTHAN,71,21,Ajmer (M Corp.),"542,580","278,786","263,794","59,437","31,547","27,890","422,913","230,586","192,327",946,884,87.53,93.26,81.53
08,RAJASTHAN,71,21,Beawar (M Cl),"145,809","74,946","70,863","17,709","9,419","8,290","110,111","61,229","48,882",946,880,85.96,93.44,78.12
08,RAJASTHAN,7,21,Kishangarh (M Cl),"155,019","80,343","74,676","21,765","11,602","10,163","106,809","61,313","45,496",929,876,80.15,89.19,70.52
08,RAJASTHAN,7,22,Tonk (M Cl),"165,363","84,927","80,436","23,122","12,280","10,842","98,819","57,170","41,649",947,883,69.47,78.70,59.85
08,RAJASTHAN,71,23,Bundi (M),"102,823","53,299","49,524","12,047","6,419","5,628","75,482","42,642","32,840",929,877,83.15,90.96,74.81
08,RAJASTHAN,7,24,Bhilwara (M Cl),"360,009","187,952","172,057","45,832","24,215","21,617","264,762","150,306","114,456",915,893,84.27,91.80,76.08
08,RAJASTHAN,71,27,Banswara (M),"100,128","51,240","48,888","12,244","6,602","5,642","76,438","41,404","35,034",954,855,86.98,92.76,81.01
08,RAJASTHAN,7,28,Chittaurgarh (M),"116,409","60,229","56,180","14,067","7,473","6,594","86,945","48,624","38,321",933,882,84.96,92.17,77.28
08,RAJASTHAN,7,29,Kota (M Corp.),"1,001,365","529,795","471,570","118,139","62,958","55,181","738,795","422,767","316,028",890,876,83.65,90.56,75.90
08,RAJASTHAN,7,30,Baran (M),"118,157","61,360","56,797","14,845","7,842","7,003","83,879","48,209","35,670",926,893,81.19,90.08,71.64
08,RAJASTHAN,71,32,Udaipur (M Cl),"451,735","234,681","217,054","47,352","25,338","22,014","366,598","200,051","166,547",925,869,90.66,95.56,85.39
09,UTTAR PRADESH,7,01,Saharanpur (M Corp.),"703,345","371,858","331,487","88,501","47,024","41,477","479,218","265,417","213,801",891,882,77.94,81.71,73.72
09,UTTAR PRADESH,7,02,Shamli (NPP),"107,233","57,236","49,997","13,724","7,634","6,090","76,650","43,469","33,181",874,798,81.97,87.64,75.57
09,UTTAR PRADESH,71,02,Muzaffarnagar (NPP),"392,451","206,902","185,549","48,692","26,401","22,291","278,405","154,902","123,503",897,844,80.99,85.82,75.65
09,UTTAR PRADESH,7,04,Moradabad (M Corp.),"889,810","466,432","423,378","110,376","57,999","52,377","550,637","302,447","248,190",908,903,70.65,74.05,66.90
09,UTTAR PRADESH,7,04,Sambhal (NPP),"221,334","116,008","105,326","34,279","17,702","16,577","92,608","51,382","41,226",908,936,49.51,52.27,46.45
09,UTTAR PRADESH,7,04,Chandausi (NPP),"114,254","60,238","54,016","14,417","7,730","6,687","72,515","40,323","32,192",897,865,72.63,76.79,68.02
09,UTTAR PRADESH,71,05,Rampur (NPP),"325,248","169,826","155,422","37,945","19,736","18,209","174,508","95,157","79,351",915,923,60.74,63.40,57.83
09,UTTAR PRADESH,7,06,Amroha (NPP),"197,135","102,804","94,331","26,855","13,799","13,056","108,772","60,621","48,151",918,946,63.88,68.11,59.24
09,UTTAR PRADESH,71,07,Meerut (M Corp.),"1,309,023","689,567","619,456","163,910","88,567","75,343","889,729","499,928","389,801",898,851,77.70,83.18,71.64
09,UTTAR PRADESH,7,08,Baraut (NPP),"102,733","54,521","48,212","13,536","7,387","6,149","69,559","39,900","29,659",884,832,77.98,84.65,70.51
09,UTTAR PRADESH,71,09,Modinagar (NPP),"130,161","69,179","60,982","14,181","7,975","6,206","104,383","58,282","46,101",882,778,90.00,95.23,84.16
09,UTTAR PRADESH,71,09,Loni (NPP),"512,296","273,859","238,437","76,231","40,450","35,781","328,096","194,048","134,048",871,885,75.24,83.14,66.15
09,UTTAR PRADESH,81,09,Khora (CT),"189,410","102,669","86,741","26,599","14,350","12,249","140,013","82,194","57,819",845,854,86.00,93.06,77.62
09,UTTAR PRADESH,7,09,Hapur (NPP),"262,801","139,694","123,107","36,714","19,822","16,892","170,325","98,394","71,931",881,852,75.34,82.08,67.72
09,UTTAR PRADESH,8,10,Noida (CT),"642,381","352,577","289,804","83,530","44,493","39,037","495,045","286,216","208,829",822,877,88.58,92.90,83.28
09,UTTAR PRADESH,8,10,Greater Noida (CT),"107,676","58,662","49,014","15,517","8,512","7,005","79,757","45,878","33,879",836,823,86.54,91.48,80.65
09,UTTAR PRADESH,71,11,Bulandshahr (NPP),"222,826","116,923","105,903","28,936","15,892","13,044","153,135","86,408","66,727",906,821,78.98,85.53,71.86
09,UTTAR PRADESH,71,11,Khurja (NPP),"111,089","58,577","52,512","15,510","8,502","7,008","64,643","37,048","27,595",896,824,67.63,73.99,60.64
09,UTTAR PRADESH,71,12,Aligarh (M Corp.),"872,575","463,123","409,452","113,658","60,620","53,038","533,969","303,886","230,083",884,875,70.36,75.50,64.55
09,UTTAR PRADESH,71,13,Hathras (NPP),"137,509","73,376","64,133","16,686","9,096","7,590","95,524","53,918","41,606",874,834,79.06,83.88,73.58
09,UTTAR PRADESH,71,14,Mathura (NPP),"349,336","186,586","162,750","41,888","22,536","19,352","235,976","134,597","101,379",872,859,76.75,82.05,70.70
09,UTTAR PRADESH,71,15,Agra (M Corp.),"1,574,542","849,771","724,771","186,516","105,279","81,237","880,530","503,805","376,725",853,772,63.44,67.67,58.54
09,UTTAR PRADESH,7,16,Firozabad (NPP),"603,797","321,624","282,173","82,439","43,543","38,896","365,347","208,434","156,913",877,893,70.08,74.95,64.50
09,UTTAR PRADESH,7,16,Shikohabad (NPP),"107,300","57,017","50,283","12,956","7,106","5,850","77,060","43,030","34,030",882,823,81.68,86.21,76.59
09,UTTAR PRADESH,71,17,Mainpuri (NPP),"117,327","61,481","55,846","14,300","7,735","6,565","88,548","48,215","40,333",908,849,85.95,89.71,81.84
09,UTTAR PRADESH,7,18,Budaun (NPP),"159,221","83,475","75,746","19,613","10,420","9,193","101,914","56,012","45,902",907,882,73.00,76.67,68.97
09,UTTAR PRADESH,71,19,Bareilly (M Corp.),"898,167","477,438","420,729","94,915","50,224","44,691","563,619","316,385","247,234",881,890,70.17,74.06,65.75
09,UTTAR PRADESH,71,20,Pilibhit (NPP),"130,428","68,855","61,573","11,767","6,138","5,629","88,119","48,060","40,059",894,917,74.26,76.63,71.61
09,UTTAR PRADESH,71,21,Shahjahanpur (NPP),"327,975","173,133","154,842","36,606","19,420","17,186","200,804","112,011","88,793",894,885,68.92,72.87,64.50
09,UTTAR PRADESH,71,22,Lakhimpur (NPP),"152,010","81,050","70,960","16,307","8,712","7,595","114,526","63,317","51,209",876,872,84.39,87.53,80.82
09,UTTAR PRADESH,71,23,Sitapur (NPP),"177,351","93,410","83,941","18,529","9,871","8,658","131,995","72,197","59,798",899,877,83.11,86.42,79.43
09,UTTAR PRADESH,71,24,Hardoi (NPP),"126,890","66,752","60,138","13,040","6,942","6,098","99,217","54,470","44,747",901,878,87.15,91.07,82.80
09,UTTAR PRADESH,7,25,Unnao (NPP),"178,681","94,080","84,601","18,604","9,949","8,655","134,018","73,411","60,607",899,870,83.72,87.26,79.80
09,UTTAR PRADESH,71,26,Lucknow (M Corp.),"2,815,601","1,470,133","1,345,468","280,817","147,690","133,127","2,147,564","1,161,250","986,314",915,901,84.72,87.81,81.36
09,UTTAR PRADESH,7,27,Rae Bareli (NPP),"191,056","99,844","91,212","18,866","9,886","8,980","142,863","78,519","64,344",914,908,82.97,87.28,78.25
09,UTTAR PRADESH,71,28,Farrukhabad-cum-Fatehgarh (NPP),"275,754","145,515","130,239","32,342","17,340","15,002","182,356","101,282","81,074",895,865,74.92,79.02,70.35
09,UTTAR PRADESH,7,30,Etawah (NPP),"256,790","135,829","120,961","28,922","15,521","13,401","188,887","104,612","84,275",891,863,82.89,86.95,78.35
09,UTTAR PRADESH,71,33,Kanpur (M Corp.),"2,767,031","1,502,370","1,264,661","251,127","135,498","115,629","2,116,973","1,172,323","944,650",842,853,84.14,85.77,82.21
09,UTTAR PRADESH,71,33,Kanpur (C,"108,035","58,505","49,530","10,750","5,617","5,133","77,484","44,086","33,398",847,914,79.65,83.36,75.23
09,UTTAR PRADESH,71,34,Orai (NPP),"187,185","99,564","87,621","20,031","10,859","9,172","139,256","79,478","59,778",880,845,83.31,89.60,76.20
09,UTTAR PRADESH,71,35,Jhansi (M Corp.),"507,293","268,101","239,192","51,762","27,715","24,047","381,771","214,375","167,396",892,868,83.81,89.18,77.81
09,UTTAR PRADESH,7,36,Lalitpur (NPP),"133,041","69,548","63,493","16,193","8,413","7,780","98,108","55,330","42,778",913,925,83.96,90.50,76.78
09,UTTAR PRADESH,71,39,Banda (NPP),"154,388","82,215","72,173","17,697","9,351","8,346","113,857","64,871","48,986",878,893,83.30,89.03,76.75
09,UTTAR PRADESH,7,41,Fatehpur (NPP),"193,801","101,620","92,181","22,078","11,850","10,228","133,418","74,561","58,857",907,863,77.69,83.06,71.82
09,UTTAR PRADESH,71,44,Allahabad (M Corp.),"1,117,094","601,363","515,731","102,556","54,660","47,896","877,590","493,181","384,409",858,876,86.50,90.21,82.17
09,UTTAR PRADESH,71,46,Faizabad (NPP),"167,544","87,279","80,265","16,479","8,658","7,821","130,700","70,243","60,457",920,903,86.52,89.34,83.45
09,UTTAR PRADESH,7,47,Akbarpur (NPP),"111,594","57,560","54,034","14,037","7,247","6,790","75,062","42,208","32,854",939,937,76.94,83.89,69.54
09,UTTAR PRADESH,71,48,Sultanpur (NPP),"107,914","56,674","51,240","11,266","5,975","5,291","85,656","46,736","38,920",904,886,88.63,92.18,84.70
09,UTTAR PRADESH,7,49,Bahraich (NPP),"186,241","98,529","87,712","22,828","12,046","10,782","122,602","66,544","56,058",890,895,75.03,76.94,72.87
09,UTTAR PRADESH,71,52,Gonda (NPP),"114,353","58,484","55,869","12,289","6,476","5,813","82,739","45,825","36,914",955,898,81.07,88.11,73.75
09,UTTAR PRADESH,7,54,Basti (NPP),"114,651","60,126","54,525","12,568","6,541","6,027","87,065","48,473","38,592",907,921,85.29,90.46,79.57
09,UTTAR PRADESH,71,57,Gorakhpur (M Corp.),"671,048","353,550","317,498","62,205","32,969","29,236","523,441","290,760","232,681",898,887,85.97,90.70,80.72
09,UTTAR PRADESH,7,59,Deoria (NPP),"129,570","67,754","61,816","13,821","7,243","6,578","102,802","56,719","46,083",912,908,88.81,93.73,83.43
09,UTTAR PRADESH,71,60,Azamgarh (NPP),"110,980","58,033","52,947","12,629","6,790","5,839","85,008","46,587","38,421",912,860,86.43,90.91,81.56
09,UTTAR PRADESH,7,61,Maunath Bhanjan (NPP),"279,060","143,273","135,787","40,651","20,820","19,831","187,382","102,802","84,580",948,952,78.60,83.95,72.94
09,UTTAR PRADESH,71,62,Ballia (NPP),"104,271","55,706","48,565","10,798","5,780","5,018","80,964","45,467","35,497",872,868,86.62,91.07,81.51
09,UTTAR PRADESH,7,63,Jaunpur (NPP),"168,128","88,704","79,424","18,033","9,449","8,584","123,245","68,005","55,240",895,908,82.11,85.81,77.98
09,UTTAR PRADESH,71,64,Ghazipur (NPP),"110,698","58,126","52,572","12,689","6,773","5,916","83,755","46,530","37,225",904,873,85.46,90.61,79.79
09,UTTAR PRADESH,71,65,Mughalsarai (NPP),"110,110","57,925","52,185","13,997","7,377","6,620","79,611","45,305","34,306",901,897,82.83,89.63,75.29
09,UTTAR PRADESH,71,66,Varanasi (M Corp.),"1,201,815","636,860","564,955","129,180","68,761","60,419","859,379","477,807","381,572",887,879,80.12,84.11,75.63
09,UTTAR PRADESH,71,68,Mirzapur-cum-Vindhyachal (NPP),"233,691","125,003","108,688","27,774","14,779","12,995","161,128","92,423","68,705",869,879,78.25,83.85,71.80
09,UTTAR PRADESH,71,70,Etah (NPP),"118,632","62,966","55,666","14,164","7,653","6,511","90,289","50,001","40,288",884,851,86.43,90.40,81.96
09,UTTAR PRADESH,7,71,Kasganj (NPP),"101,241","53,507","47,734","13,043","7,139","5,904","69,289","38,933","30,356",892,827,78.56,83.97,72.57
10,BIHAR,71,01,Bettiah (NP),"132,896","70,381","62,515","18,203","9,685","8,518","94,663","52,547","42,116",888,880,82.54,86.57,78.00
10,BIHAR,7,01,Bagaha (NP),"113,012","59,946","53,066","19,070","9,802","9,268","56,998","34,751","22,247",885,946,60.67,69.30,50.79
10,BIHAR,7,02,Motihari (NP),"125,183","67,438","57,745","16,325","8,891","7,434","94,926","52,904","42,022",856,836,87.20,90.36,83.52
10,BIHAR,7,08,Kishanganj (NP),"107,076","55,688","51,388","17,017","8,743","8,274","67,286","37,482","29,804",923,946,74.71,79.84,69.13
10,BIHAR,71,09,Purnia (M Corp.),"280,547","148,021","132,526","41,046","21,081","19,965","178,381","100,735","77,646",895,947,74.48,79.36,68.98
10,BIHAR,71,10,Katihar (M Corp.),"225,982","119,142","106,840","31,036","16,054","14,982","155,706","87,581","68,125",897,933,79.87,84.96,74.16
10,BIHAR,7,12,Saharsa (NP),"155,175","82,589","72,586","24,582","12,814","11,768","101,425","58,689","42,736",879,918,77.66,84.11,70.27
10,BIHAR,71,13,Darbhanga (M Corp.),"294,116","154,970","139,146","40,392","21,202","19,190","205,203","115,620","89,583",898,905,80.88,86.43,74.68
10,BIHAR,71,14,Muzaffarpur (M Corp.),"351,838","186,145","165,693","42,276","22,287","19,989","263,638","145,548","118,090",890,897,85.16,88.83,81.05
10,BIHAR,7,16,Siwan (NP),"134,458","70,670","63,788","17,632","9,440","8,192","98,898","56,152","42,746",903,868,84.65,91.71,76.89
10,BIHAR,71,17,Chapra (NP),"201,597","106,250","95,347","27,668","14,516","13,152","141,403","78,956","62,447",897,906,81.30,86.07,75.97
10,BIHAR,7,18,Hajipur (NP),"147,126","78,561","68,565","20,090","10,694","9,396","100,691","57,537","43,154",873,879,79.26,84.78,72.93
10,BIHAR,7,20,Begusarai (M Corp.),"251,136","133,931","117,205","37,966","20,012","17,954","169,161","96,459","72,702",875,897,79.35,84.67,73.25
10,BIHAR,71,22,Bhagalpur (M Corp.),"398,138","212,005","186,133","53,775","28,061","25,714","279,469","157,049","122,420",878,916,81.16,85.38,76.31
10,BIHAR,7,24,Munger (M Corp.),"213,101","113,173","99,928","29,260","15,323","13,937","150,435","84,571","65,864",883,910,81.83,86.43,76.59
10,BIHAR,7,24,Jamalpur (NP),"105,221","56,231","48,990","12,298","6,587","5,711","81,192","45,961","35,231",871,867,87.38,92.58,81.40
10,BIHAR,7,27,Biharsharif (M Corp.),"296,889","154,915","141,974","43,646","22,758","20,888","189,420","110,247","79,173",916,918,74.80,83.42,65.39
10,BIHAR,71,28,Patna (M Corp.),"1,683,200","894,158","789,042","190,496","102,208","88,288","1,264,523","694,580","569,943",882,864,84.71,87.71,81.33
10,BIHAR,71,28,Dinapur Nizamat (NP),"182,241","97,129","85,112","25,092","13,398","11,694","123,199","70,786","52,413",876,873,78.40,84.54,71.39
10,BIHAR,7,29,Arrah (M Corp.),"261,099","139,319","121,780","34,419","18,356","16,063","189,080","107,822","81,258",874,875,83.41,89.14,76.86
10,BIHAR,71,30,Buxar (NP),"102,591","54,123","48,468","13,639","7,260","6,379","75,752","42,601","33,151",896,879,85.16,90.91,78.76
10,BIHAR,7,32,Sasaram (NP),"147,396","77,687","69,709","19,363","10,189","9,174","105,378","58,900","46,478",897,900,82.31,87.26,76.78
10,BIHAR,7,32,Dehri (NP),"137,068","72,311","64,757","18,372","9,570","8,802","98,968","56,416","42,552",896,920,83.38,89.92,76.05
10,BIHAR,7,33,Aurangabad (NP),"101,520","53,307","48,213","14,292","7,548","6,744","75,796","42,338","33,458",904,893,86.89,92.52,80.68
10,BIHAR,71,34,Gaya (M Corp.),"463,454","245,764","217,690","59,015","30,966","28,049","346,747","194,377","152,370",886,906,85.74,90.49,80.35
10,BIHAR,7,37,Jehanabad (NP),"102,456","54,868","47,588","14,516","7,706","6,810","70,052","39,889","30,163",867,884,79.66,84.58,73.97
13,NAGALAND,7,05,Dimapur (MC),"123,777","65,017","58,760","14,438","7,345","7,093","95,646","51,604","44,042",904,966,87.48,89.48,85.24
14,MANIPUR ,71,99,Imphal (M Cl),"264,986","128,931","136,055","25,877","13,347","12,530","219,261","110,809","108,452",1055,939,91.70,95.87,87.80
15,MIZORAM,7,03,Aizawl (NT),"291,822","143,803","148,019","35,147","17,667","17,480","253,588","125,256","128,332",1029,989,98.80,99.30,98.31
16,TRIPURA,7,01,Agartala (M Cl),"399,688","199,616","200,072","33,635","17,341","16,294","343,633","174,524","169,109",1002,940,93.88,95.75,92.02
17,MEGHALAYA,71,06,Shillong Municipality (M),"143,007","70,028","72,979","13,792","7,120","6,672","119,313","59,420","59,893",1042,937,92.34,94.46,90.33
18,ASSAM,71,06,Nagaon (MB),"116,355","59,021","57,334","11,388","5,574","5,814","98,068","52,690","45,378",971,1043,93.43,98.58,88.08
18,ASSAM,71,11,Dibrugarh (MB),"138,661","72,044","66,617","11,862","6,114","5,748","113,822","60,782","53,040",925,940,89.77,92.19,87.14
18,ASSAM,71,17,Silchar (MB),"172,709","86,812","85,897","15,467","7,977","7,490","144,255","74,082","70,173",989,939,91.74,93.97,89.50
18,ASSAM,71,23,Guwahati (M Corp.),"963,429","502,255","461,174","86,806","43,217","43,589","798,726","426,401","372,325",918,1009,91.11,92.89,89.16
19,WEST BENGAL,71,99,Siliguri (M Corp.),"509,709","261,218","248,491","48,250","25,023","23,227","394,366","209,792","184,574",951,928,85.46,88.82,81.94
19,WEST BENGAL,71,01,Darjiling (M),"120,414","60,114","60,300","6,547","3,440","3,107","107,242","54,710","52,532",1003,903,94.18,96.53,91.85
19,WEST BENGAL,71,02,Jalpaiguri (M),"107,351","53,749","53,602","8,075","4,124","3,951","90,455","46,484","43,971",997,958,91.11,93.67,88.56
19,WEST BENGAL,81,02,Dabgram (P) (CT),"118,464","60,708","57,756","14,472","7,427","7,045","76,930","42,781","34,149",951,949,73.98,80.29,67.34
19,WEST BENGAL,71,04,Raiganj (M),"183,682","96,589","87,093","20,547","10,576","9,971","133,215","72,475","60,740",902,943,81.66,84.26,78.76
19,WEST BENGAL,71,05,Balurghat (M),"151,183","75,677","75,506","9,391","4,757","4,634","130,230","66,954","63,276",998,974,91.85,94.41,89.28
19,WEST BENGAL,71,06,English Bazar (M),"216,083","115,126","100,957","33,211","18,647","14,564","154,875","82,428","72,447",877,781,84.69,85.44,83.86
19,WEST BENGAL,71,07,Baharampur (M),"195,363","100,431","94,932","13,228","6,741","6,487","164,445","86,535","77,910",945,962,90.29,92.36,88.09
19,WEST BENGAL,71,09,Asansol (M Corp.),"564,491","293,748","270,743","56,014","29,363","26,651","431,300","236,683","194,617",922,908,84.82,89.52,79.73
19,WEST BENGAL,71,09,Kulti (M),"313,977","163,819","150,158","33,375","17,321","16,054","214,889","123,380","91,509",917,927,76.58,84.22,68.24
19,WEST BENGAL,71,09,Jamuria (M),"144,971","75,574","69,397","17,556","9,017","8,539","93,152","54,399","38,753",918,947,73.11,81.73,63.68
19,WEST BENGAL,71,09,Raniganj (M),"128,624","67,150","61,474","14,833","7,759","7,074","89,293","50,250","39,043",915,912,78.47,84.61,71.77
19,WEST BENGAL,71,09,Durgapur (M Corp.),"566,937","294,349","272,588","50,512","25,959","24,553","453,604","247,176","206,428",926,946,87.84,92.10,83.23
19,WEST BENGAL,71,09,Barddhaman (M),"314,638","160,631","154,007","22,104","11,394","10,710","260,564","138,067","122,497",959,940,89.07,92.52,85.48
19,WEST BENGAL,71,10,Nabadwip (M),"125,528","65,300","60,228","8,388","4,329","4,059","102,793","55,569","47,224",922,938,87.75,91.14,84.07
19,WEST BENGAL,71,10,Krishnanagar (M),"152,203","76,700","75,503","10,794","5,624","5,170","128,574","66,262","62,312",984,919,90.92,93.23,88.60
19,WEST BENGAL,71,10,Santipur (M),"151,774","77,044","74,730","12,975","6,565","6,410","113,028","60,420","52,608",970,976,81.43,85.73,77.00
19,WEST BENGAL,7,11,Bongaon (M),"110,668","56,416","54,252","8,452","4,387","4,065","92,253","48,799","43,454",962,927,90.25,93.79,86.58
19,WEST BENGAL,71,11,Habra (M),"149,675","76,510","73,165","11,211","5,799","5,412","125,800","66,495","59,305",956,933,90.85,94.04,87.53
19,WEST BENGAL,71,11,Ashokenagar Kalyangarh (M),"123,906","62,554","61,352","8,885","4,564","4,321","106,337","55,398","50,939",981,947,92.45,95.53,89.32
19,WEST BENGAL,71,11,Basirhat (M),"127,135","64,397","62,738","10,719","5,504","5,215","102,737","53,913","48,824",974,947,88.25,91.54,84.88
19,WEST BENGAL,7,13,Bankura (M),"138,036","70,734","67,302","10,760","5,502","5,258","111,073","60,272","50,801",951,956,87.27,92.40,81.88
19,WEST BENGAL,71,14,Puruliya (M),"121,436","62,520","58,916","11,491","5,877","5,614","90,534","50,276","40,258",942,955,82.34,88.76,75.53
19,WEST BENGAL,71,16,Kolkata (M Corp.),"4,486,679","2,362,662","2,124,017","300,052","155,475","144,577","3,648,210","1,966,122","1,682,088",899,930,87.14,89.08,84.98
19,WEST BENGAL,71,10,Kalyani (M),"100,620","50,867","49,753","7,604","3,890","3,714","82,553","43,591","38,962",978,955,88.75,92.79,84.63
19,WEST BENGAL,71,11,Rajarhat Gopalpur (M),"404,991","205,560","199,431","34,088","17,354","16,734","337,188","175,680","161,508",970,964,90.91,93.34,88.40
19,WEST BENGAL,71,11,Barasat (M),"283,443","143,732","139,711","21,468","10,932","10,536","236,881","123,692","113,189",972,964,90.42,93.14,87.62
19,WEST BENGAL,71,11,Madhyamgram (M),"198,964","100,611","98,353","15,248","7,769","7,479","165,630","86,682","78,948",978,963,90.16,93.37,86.88
19,WEST BENGAL,71,11,Kanchrapara (M),"122,181","61,770","60,411","8,532","4,406","4,126","103,194","54,213","48,981",978,936,90.80,94.51,87.02
19,WEST BENGAL,71,11,Halisahar (M),"126,893","66,654","60,239","10,600","5,513","5,087","103,789","56,921","46,868",904,923,89.25,93.10,84.98
19,WEST BENGAL,71,11,Naihati (M),"221,762","112,773","108,989","17,442","9,057","8,385","183,458","96,626","86,832",966,926,89.79,93.16,86.31
19,WEST BENGAL,71,11,Bhatpara (M),"390,467","207,876","182,591","32,498","16,879","15,619","307,362","172,042","135,320",878,925,85.86,90.08,81.04
19,WEST BENGAL,71,11,North Barrackpur (M),"134,825","68,136","66,689","8,265","4,310","3,955","119,954","61,810","58,144",979,918,94.78,96.84,92.68
19,WEST BENGAL,71,11,Barrackpur (M),"154,475","79,507","74,968","10,671","5,553","5,118","128,459","68,159","60,300",943,922,89.33,92.16,86.33
19,WEST BENGAL,71,11,Titagarh (M),"118,426","63,936","54,490","10,816","5,729","5,087","87,356","50,566","36,790",852,888,81.18,86.87,74.47
19,WEST BENGAL,71,11,Khardaha (M),"111,130","56,792","54,338","6,579","3,406","3,173","99,848","51,668","48,180",957,932,95.50,96.78,94.17
19,WEST BENGAL,71,11,Panihati (M),"383,522","193,333","190,189","24,678","12,599","12,079","332,924","171,788","161,136",984,959,92.78,95.05,90.47
19,WEST BENGAL,71,11,Kamarhati (M),"336,579","174,840","161,739","23,863","12,324","11,539","275,870","147,547","128,323",925,936,88.22,90.79,85.43
19,WEST BENGAL,71,11,Baranagar (M),"248,466","128,432","120,034","15,016","7,712","7,304","215,849","114,347","101,502",935,947,92.46,94.72,90.04
19,WEST BENGAL,71,11,South Dum Dum (M),"410,524","206,558","203,966","26,900","13,734","13,166","356,092","183,454","172,638",987,959,92.82,95.14,90.48
19,WEST BENGAL,71,11,North Dum Dum (M),"253,625","128,620","125,005","17,290","8,871","8,419","217,371","112,967","104,404",972,949,91.98,94.34,89.55
19,WEST BENGAL,71,11,Dum Dum (M),"117,637","61,039","56,598","6,678","3,484","3,194","103,757","54,153","49,604",927,917,93.51,94.09,92.88
19,WEST BENGAL,71,11,Bidhan Nagar (M),"218,323","111,363","106,960","12,786","6,500","6,286","185,885","97,604","88,281",960,967,90.44,93.08,87.69
19,WEST BENGAL,71,12,Bansberia (M),"103,799","53,807","49,992","8,721","4,518","4,203","81,514","44,671","36,843",929,930,85.73,90.63,80.46
19,WEST BENGAL,71,12,Hugli-Chinsurah (M),"177,209","88,952","88,257","11,409","5,763","5,646","152,437","78,780","73,657",992,980,91.94,94.70,89.16
19,WEST BENGAL,71,12,Bhadreswar (M),"101,334","53,318","48,016","8,981","4,674","4,307","80,249","44,493","35,756",901,921,86.89,91.47,81.80
19,WEST BENGAL,71,12,Champdani (M),"110,983","59,296","51,687","11,604","6,017","5,587","81,883","46,888","34,995",872,929,82.39,88.00,75.91
19,WEST BENGAL,71,12,Chandannagar (M Corp.),"166,949","84,257","82,692","10,716","5,514","5,202","141,572","73,393","68,179",981,943,90.62,93.21,87.98
19,WEST BENGAL,71,12,Baidyabati (M),"121,081","62,550","58,531","8,154","4,164","3,990","100,590","53,217","47,373",936,958,89.08,91.15,86.86
19,WEST BENGAL,71,12,Serampore (M),"183,339","94,514","88,825","12,817","6,547","6,270","153,460","81,592","71,868",940,958,89.99,92.75,87.05
19,WEST BENGAL,71,12,Rishra (M),"124,585","66,767","57,818","11,430","6,015","5,415","100,581","56,155","44,426",866,900,88.89,92.43,84.78
19,WEST BENGAL,71,12,Uttarpara Kotrung (M),"162,386","82,815","79,571","11,140","5,815","5,325","137,869","71,976","65,893",961,916,91.16,93.48,88.75
19,WEST BENGAL,71,15,Bally (M),"291,972","156,734","135,238","31,859","14,583","17,276","216,902","119,508","97,394",863,1185,83.39,84.07,82.56
19,WEST BENGAL,81,15,Bally (CT),"115,715","59,951","55,764","9,584","4,879","4,705","95,665","51,534","44,131",930,964,90.14,93.58,86.43
19,WEST BENGAL,71,15,Haora (M Corp.),"1,072,161","560,577","511,584","83,010","43,155","39,855","888,817","477,781","411,036",913,924,89.86,92.34,87.13
19,WEST BENGAL,71,15,Uluberia (M),"222,175","114,144","108,031","25,187","12,991","12,196","159,826","86,210","73,616",946,939,81.13,85.23,76.82
19,WEST BENGAL,71,17,Maheshtala (M),"449,423","231,044","218,379","43,469","22,210","21,259","335,440","179,762","155,678",945,957,82.63,86.08,78.98
19,WEST BENGAL,71,17,Rajpur Sonarpur (M),"423,806","215,983","207,823","31,588","16,186","15,402","357,154","188,374","168,780",962,952,91.06,94.28,87.71
19,WEST BENGAL,7,18,Medinipur (M),"169,127","85,362","83,765","14,365","7,259","7,106","139,303","72,948","66,355",981,979,90.01,93.40,86.56
19,WEST BENGAL,71,18,Kharagpur (M),"206,923","106,735","100,188","17,731","9,084","8,647","163,915","89,075","74,840",939,952,86.64,91.22,81.76
19,WEST BENGAL,7,19,Haldia (M),"200,762","104,852","95,910","21,122","10,799","10,323","159,984","88,125","71,859",915,956,89.06,93.70,83.96
20,JHARKHAND,71,04,Giridih (NP),"114,447","59,924","54,523","15,446","8,149","7,297","84,897","46,689","38,208",910,895,85.75,90.18,80.90
20,JHARKHAND,7,05,Deoghar (M Corp.),"203,116","108,243","94,873","25,929","13,907","12,022","153,807","87,540","66,267",876,864,86.80,92.80,79.98
20,JHARKHAND,71,09,Dhanbad (M Corp.),"1,161,561","615,589","545,972","146,463","76,767","69,696","820,008","473,787","346,221",887,908,80.78,87.93,72.69
20,JHARKHAND,81,10,Bokaro Steel City (CT),"413,934","220,088","193,846","48,834","26,058","22,776","310,127","179,188","130,939",881,874,84.94,92.35,76.54
20,JHARKHAND,71,10,Chas (NP),"141,618","75,027","66,591","17,774","9,423","8,351","105,417","60,459","44,958",888,886,85.12,92.16,77.19
20,JHARKHAND,71,12,Jamshedpur (NAC),"629,659","327,912","301,747","64,098","33,972","30,126","494,893","270,876","224,017",920,887,87.50,92.15,82.47
20,JHARKHAND,71,12,Mango (NAC),"224,002","116,243","107,759","28,258","14,769","13,489","169,548","92,914","76,634",927,913,86.62,91.56,81.29
20,JHARKHAND,71,15,Hazaribag (NP),"142,494","74,267","68,227","16,100","8,485","7,615","113,693","61,630","52,063",919,897,89.95,93.69,85.90
20,JHARKHAND,71,19,Ranchi (M Corp.),"1,073,440","559,031","514,409","122,353","64,446","57,907","841,652","459,317","382,335",920,899,88.49,92.87,83.75
20,JHARKHAND,7,24,Aditya (NP),"173,988","91,495","82,493","23,042","12,063","10,979","125,985","71,470","54,515",902,910,83.46,89.98,76.23
21,ORISSA,71,03,Sambalpur Town (M),"183,383","94,627","88,756","18,555","9,857","8,698","141,329","76,545","64,784",938,882,85.74,90.30,80.92
21,ORISSA,71,05,Raurkela Industrial Township (IT),"210,412","109,823","100,589","20,399","10,817","9,582","164,546","90,631","73,915",916,886,86.60,91.54,81.22
21,ORISSA,71,05,Raurkela Town (M),"273,217","144,949","128,268","29,050","15,297","13,753","214,744","119,761","94,983",885,899,87.95,92.37,82.94
21,ORISSA,71,07,Baripada Town (M),"110,058","57,008","53,050","9,933","5,228","4,705","89,421","48,388","41,033",931,900,89.31,93.45,84.88
21,ORISSA,71,08,Baleshwar Town (M),"118,202","60,308","57,894","11,115","5,685","5,430","95,084","50,372","44,712",960,955,88.79,92.22,85.22
21,ORISSA,71,09,Bhadrak (M),"107,369","55,094","52,275","12,251","6,285","5,966","76,928","41,628","35,300",949,949,80.88,85.29,76.23
21,ORISSA,71,12,Cuttack (M Corp.),"606,007","303,530","302,477","48,585","25,358","23,227","508,188","272,257","235,931",997,916,91.17,97.87,84.49
21,ORISSA,71,17,Bhubaneswar Town (M Corp.),"837,737","445,233","392,504","75,237","39,567","35,670","710,243","388,164","322,079",882,902,93.15,95.69,90.26
21,ORISSA,7,18,Puri Town (M),"201,026","104,267","96,759","17,000","8,939","8,061","164,481","88,504","75,977",928,902,89.38,92.84,85.66
21,ORISSA,7,19,Brahmapur Town (M Corp.),"355,823","185,584","170,239","29,509","15,544","13,965","293,818","159,550","134,268",917,898,90.04,93.83,85.92
22,CHHATTISGARH,71,02,Ambikapur (M Corp.),"114,575","59,673","54,902","12,995","6,887","6,108","89,590","48,950","40,640",920,887,88.20,92.73,83.29
22,CHHATTISGARH,71,04,Raigarh (M Corp.),"137,097","70,234","66,863","16,576","8,637","7,939","105,512","57,679","47,833",952,919,87.55,93.64,81.18
22,CHHATTISGARH,71,05,Korba (M Corp.),"363,210","188,514","174,696","45,354","23,426","21,928","267,900","151,701","116,199",927,936,84.28,91.89,76.06
22,CHHATTISGARH,71,07,Bilaspur (M Corp.),"330,106","169,738","160,368","36,448","19,167","17,281","260,654","141,169","119,485",945,902,88.76,93.76,83.51
22,CHHATTISGARH,7,09,Rajnandgaon (M Corp.),"163,122","81,873","81,249","18,677","9,610","9,067","127,042","68,134","58,908",992,943,87.95,94.29,81.61
22,CHHATTISGARH,71,10,Durg (M Corp.),"268,679","136,537","132,142","29,165","15,044","14,121","210,639","113,866","96,773",968,939,87.94,93.72,82.00
22,CHHATTISGARH,71,10,Bhilai Nagar (M Corp.),"625,697","322,254","303,443","67,131","35,011","32,120","487,242","267,487","219,755",942,917,87.23,93.12,80.99
22,CHHATTISGARH,71,11,Raipur (M Corp.),"1,010,087","519,286","490,801","124,471","64,522","59,949","769,593","420,155","349,438",945,929,86.90,92.39,81.10
22,CHHATTISGARH,7,15,Jagdalpur (M Corp.),"125,345","63,910","61,435","13,804","7,192","6,612","95,303","51,905","43,398",961,919,85.44,91.51,79.16
23,MADHYA PRADESH,7,02,Morena (M),"200,506","108,405","92,101","26,454","14,636","11,818","139,903","83,531","56,372",850,807,80.38,89.08,70.22
23,MADHYA PRADESH,7,03,Bhind (M),"197,332","105,394","91,938","24,486","13,319","11,167","145,530","83,903","61,627",872,838,84.20,91.12,76.30
23,MADHYA PRADESH,71,04,Gwalior (M Corp.),"1,053,505","560,887","492,618","114,190","62,516","51,674","800,325","452,788","347,537",878,827,85.20,90.85,78.82
23,MADHYA PRADESH,7,05,Datia (M),"100,466","52,931","47,535","12,218","6,553","5,665","71,071","40,482","30,589",898,864,80.54,87.29,73.06
23,MADHYA PRADESH,7,06,Shivpuri (M),"179,972","95,227","84,745","22,683","12,075","10,608","124,641","72,107","52,534",890,879,79.24,86.72,70.86
23,MADHYA PRADESH,71,08,Chhattarpur (M),"133,626","70,586","63,040","16,381","8,811","7,570","99,154","55,244","43,910",893,859,84.57,89.43,79.16
23,MADHYA PRADESH,71,10,Sagar (M Corp.),"273,357","142,655","130,702","32,171","16,725","15,446","217,632","119,068","98,564",916,924,90.23,94.55,85.52
23,MADHYA PRADESH,71,11,Damoh (M),"124,979","65,133","59,846","14,712","7,682","7,030","96,043","53,052","42,991",919,915,87.10,92.34,81.40
23,MADHYA PRADESH,71,12,Satna (M Corp.),"280,248","147,924","132,324","31,822","16,987","14,835","214,468","120,464","94,004",895,873,86.33,92.00,80.01
23,MADHYA PRADESH,7,13,Rewa (M Corp.),"235,422","124,634","110,788","24,234","13,131","11,103","185,291","103,599","81,692",889,846,87.74,92.91,81.95
23,MADHYA PRADESH,71,15,Neemuch (M),"128,108","67,322","60,786","14,950","7,809","7,141","97,156","54,829","42,327",903,914,85.86,92.13,78.90
23,MADHYA PRADESH,7,16,Mandsaur (M),"141,468","72,370","69,098","15,721","8,282","7,439","109,135","59,436","49,699",955,898,86.79,92.74,80.60
23,MADHYA PRADESH,71,17,Ratlam (M Corp.),"264,810","135,007","129,803","28,413","14,780","13,633","207,742","111,921","95,821",961,922,87.88,93.09,82.48
23,MADHYA PRADESH,7,18,Nagda (M),"100,036","51,410","48,626","11,053","5,840","5,213","72,618","40,765","31,853",946,893,81.61,89.46,73.37
23,MADHYA PRADESH,7,18,Ujjain (M Corp.),"515,215","265,291","249,924","57,630","30,007","27,623","391,470","214,481","176,989",942,921,85.55,91.16,79.62
23,MADHYA PRADESH,7,20,Dewas (M Corp.),"289,438","150,193","139,245","34,435","18,117","16,318","218,877","122,388","96,489",927,901,85.83,92.66,78.49
23,MADHYA PRADESH,7,21,Pithampur (M),"126,099","70,577","55,522","20,438","10,872","9,566","87,417","54,030","33,387",787,880,82.73,90.49,72.65
23,MADHYA PRADESH,71,22,Indore (M Corp.),"1,960,631","1,020,883","939,748","225,111","119,354","105,757","1,516,434","827,975","688,459",921,886,87.38,91.84,82.55
23,MADHYA PRADESH,71,23,Khargone (M),"106,452","54,684","51,768","13,378","7,020","6,358","77,216","42,390","34,826",947,906,82.96,88.94,76.69
23,MADHYA PRADESH,7,26,Vidisha (M),"155,959","81,424","74,535","19,360","10,122","9,238","118,678","65,802","52,876",915,913,86.88,92.29,80.98
23,MADHYA PRADESH,71,27,Bhopal (M Corp.),"1,795,648","939,560","856,088","206,967","107,945","99,022","1,354,219","741,737","612,482",911,917,85.24,89.19,80.90
23,MADHYA PRADESH,71,28,Sehore (M),"108,818","56,284","52,534","12,859","6,743","6,116","82,066","44,937","37,129",933,907,85.52,90.71,79.99
23,MADHYA PRADESH,7,30,Betul (M),"103,341","52,902","50,439","11,005","5,772","5,233","83,356","44,429","38,927",953,907,90.27,94.27,86.11
23,MADHYA PRADESH,7,32,Hoshangabad (M),"117,956","61,610","56,346","13,012","6,964","6,048","92,317","50,943","41,374",915,868,87.97,93.22,82.26
23,MADHYA PRADESH,7,33,Murwara (Katni) (M Corp.),"221,875","115,463","106,412","25,168","13,299","11,869","171,966","94,777","77,189",922,892,87.42,92.77,81.64
23,MADHYA PRADESH,71,34,Jabalpur (M Corp.),"1,054,336","546,561","507,775","107,882","56,746","51,136","841,399","453,820","387,579",929,901,88.90,92.65,84.88
23,MADHYA PRADESH,71,38,Chhindwara (M),"138,266","70,444","67,822","13,745","7,062","6,683","112,532","59,892","52,640",963,946,90.37,94.49,86.10
23,MADHYA PRADESH,7,39,Seoni (M),"102,377","52,354","50,023","10,413","5,467","4,946","83,832","44,862","38,970",955,905,91.16,95.68,86.45
23,MADHYA PRADESH,7,41,Guna (M),"180,978","94,645","86,333","23,757","12,658","11,099","128,463","73,169","55,294",912,877,81.71,89.24,73.50
23,MADHYA PRADESH,7,46,Singrauli (M Corp.),"220,295","117,276","103,019","29,569","15,438","14,131","147,527","87,870","59,657",878,915,77.35,86.28,67.11
23,MADHYA PRADESH,7,49,Khandwa (M Corp.),"200,681","102,873","97,808","24,079","12,659","11,420","153,609","82,575","71,034",951,902,86.98,91.53,82.23
23,MADHYA PRADESH,7,50,Burhanpur (M Corp.),"210,891","108,234","102,657","28,107","14,628","13,479","149,339","80,909","68,430",948,921,81.70,86.44,76.73
24,GUJARAT,71,07,Ahmadabad (M Corp.),"5,570,585","2,935,869","2,634,716","589,076","317,917","271,159","4,464,303","2,459,823","2,004,480",897,853,89.62,93.96,84.81
24,GUJARAT,71,06,Kalol (M),"112,126","59,380","52,746","12,035","6,572","5,463","88,768","49,439","39,329",888,831,88.69,93.62,83.18
24,GUJARAT,71,06,Gandhinagar (NA),"208,299","109,479","98,820","18,851","10,423","8,428","177,510","95,640","81,870",903,809,93.70,96.55,90.57
24,GUJARAT,71,01,Bhuj (M),"147,123","77,900","69,223","15,894","8,365","7,529","114,822","64,172","50,650",889,900,87.50,92.29,82.10
24,GUJARAT,7,01,Gandhidham (M),"248,705","132,388","116,317","31,224","16,352","14,872","181,253","104,073","77,180",879,909,83.34,89.69,76.08
24,GUJARAT,71,02,Palanpur (M),"127,125","66,384","60,741","14,382","7,810","6,572","97,459","55,139","42,320",915,841,86.44,94.14,78.13
24,GUJARAT,7,02,Deesa (M),"111,149","58,724","52,425","14,192","7,790","6,402","78,219","45,479","32,740",893,822,80.67,89.29,71.14
24,GUJARAT,71,03,Patan (M),"125,502","65,628","59,874","12,287","6,589","5,698","99,129","55,294","43,835",912,865,87.56,93.66,80.91
24,GUJARAT,71,04,Mahesana (M),"184,133","97,212","86,921","17,337","9,838","7,499","151,773","83,642","68,131",894,762,90.99,95.73,85.78
24,GUJARAT,71,08,Surendranagar Dudhrej (M),"177,827","92,728","85,099","18,599","9,982","8,617","135,879","75,906","59,973",918,863,85.34,91.73,78.41
24,GUJARAT,71,09,Morvi (M),"188,278","97,860","90,418","21,854","11,736","10,118","140,779","77,826","62,953",924,862,84.59,90.37,78.40
24,GUJARAT,71,09,Rajkot (M. Corp),"1,286,995","675,731","611,264","131,841","72,139","59,702","1,026,040","559,369","466,671",905,828,88.82,92.67,84.61
24,GUJARAT,7,09,Gondal (M),"112,064","58,417","53,647","11,591","6,358","5,233","86,139","47,112","39,027",918,823,85.73,90.50,80.61
24,GUJARAT,7,09,Jetpur Navagadh (M),"118,550","62,331","56,219","12,295","6,684","5,611","89,110","49,677","39,433",902,839,83.86,89.27,77.92
24,GUJARAT,71,10,Jamnagar (M Corp.),"529,308","276,202","253,106","51,106","27,452","23,654","394,919","216,330","178,589",916,862,82.58,86.97,77.83
24,GUJARAT,71,11,Porbandar (M),"152,136","78,490","73,646","13,867","7,415","6,452","119,545","65,171","54,374",938,870,86.46,91.69,80.92
24,GUJARAT,71,12,Veraval (M),"153,696","78,161","75,535","17,107","9,003","8,104","106,540","59,874","46,666",966,900,78.00,86.58,69.21
24,GUJARAT,7,12,Junagadh (M Corp.),"320,250","164,091","156,159","27,375","14,651","12,724","259,563","139,317","120,246",952,868,88.63,93.23,83.83
24,GUJARAT,71,13,Amreli (M),"105,980","55,166","50,814","9,885","5,386","4,499","85,975","46,721","39,254",921,835,89.47,93.85,84.75
24,GUJARAT,71,14,Bhavnagar (M Corp.),"593,768","309,447","284,321","62,089","33,775","28,314","455,242","251,860","203,382",919,838,85.62,91.36,79.44
24,GUJARAT,7,14,Botad (M),"130,302","67,778","62,524","16,654","8,889","7,765","94,563","53,275","41,288",922,874,83.21,90.47,75.40
24,GUJARAT,71,15,Anand (M),"197,351","102,359","94,992","19,993","10,631","9,362","166,211","88,444","77,767",928,881,93.71,96.42,90.82
24,GUJARAT,71,16,Nadiad (M),"218,150","112,381","105,769","19,994","10,804","9,190","174,931","94,468","80,463",941,851,88.28,93.00,83.31
24,GUJARAT,71,17,Godhra (M),"143,126","73,868","69,258","17,364","9,045","8,319","111,571","60,797","50,774",938,920,88.72,93.79,83.32
24,GUJARAT,71,19,Vadodara (M Corp.),"1,666,703","866,701","800,002","156,480","84,307","72,173","1,394,952","747,280","647,672",923,856,92.37,95.51,88.99
24,GUJARAT,71,21,Bharuch (M),"168,729","86,887","81,842","16,106","8,406","7,700","133,796","71,671","62,125",942,916,87.66,91.32,83.79
24,GUJARAT,71,23,Navsari (M),"160,100","82,925","77,175","15,754","8,427","7,327","128,822","69,437","59,385",931,869,89.25,93.21,85.02
24,GUJARAT,71,24,Valsad (M),"114,987","58,958","56,029","9,609","5,119","4,490","97,687","51,447","46,240",950,877,92.70,95.56,89.72
24,GUJARAT,71,25,Surat (M Corp.),"4,462,002","2,538,243","1,923,759","531,522","293,208","238,314","3,499,228","2,082,588","1,416,640",758,813,89.03,92.76,84.05
27,MAHARASHTRA,7,01,Nandurbar (M Cl),"111,067","57,543","53,524","12,621","6,868","5,753","85,635","46,673","38,962",930,838,86.99,92.10,81.56
27,MAHARASHTRA,7,02,Dhule (M Corp.),"376,093","193,854","182,239","43,677","23,246","20,431","298,693","160,511","138,182",940,879,89.86,94.08,85.40
27,MAHARASHTRA,7,03,Jalgaon (M Corp.),"460,468","241,228","219,240","51,544","28,548","22,996","363,778","198,426","165,352",909,806,88.96,93.30,84.26
27,MAHARASHTRA,71,03,Bhusawal (M Cl),"187,750","96,655","91,095","19,440","10,496","8,944","152,103","81,544","70,559",942,852,90.37,94.64,85.89
27,MAHARASHTRA,7,05,Akola (M Corp.),"427,146","218,184","208,962","46,500","24,488","22,012","347,687","183,594","164,093",958,899,91.34,94.78,87.77
27,MAHARASHTRA,7,07,Achalpur (M Cl),"112,293","58,256","54,037","11,810","6,186","5,624","92,433","49,347","43,086",928,909,91.99,94.77,89.00
27,MAHARASHTRA,7,07,Amravati (M Corp.),"646,801","330,544","316,257","62,497","32,713","29,784","543,568","284,490","259,078",957,910,93.03,95.52,90.44
27,MAHARASHTRA,7,08,Wardha (M Cl),"105,543","53,241","52,302","9,754","5,139","4,615","90,091","46,752","43,339",982,898,94.05,97.19,90.88
27,MAHARASHTRA,7,08,Hinganghat (M Cl),"100,416","51,881","48,535","9,681","5,175","4,506","85,599","45,728","39,871",936,871,94.34,97.91,90.56
27,MAHARASHTRA,71,09,Nagpur (M Corp.),"2,405,421","1,226,610","1,178,811","237,865","123,851","114,014","2,018,598","1,060,359","958,239",961,921,93.13,96.16,89.99
27,MAHARASHTRA,7,11,Gondiya (M Cl),"132,889","66,756","66,133","12,835","6,652","6,183","112,490","58,721","53,769",991,929,93.70,97.70,89.69
27,MAHARASHTRA,7,13,Chandrapur (M Cl),"321,036","165,125","155,911","30,353","15,921","14,432","263,962","142,528","121,434",944,906,90.81,95.53,85.83
27,MAHARASHTRA,71,14,Yavatmal (M Cl),"116,714","58,717","57,997","11,081","5,894","5,187","96,980","50,419","46,561",988,880,91.81,95.45,88.17
27,MAHARASHTRA,7,15,Nanded Waghala (M Corp.),"550,564","286,152","264,412","68,181","36,417","31,764","421,606","231,449","190,157",924,872,87.40,92.68,81.74
27,MAHARASHTRA,7,17,Parbhani (M Cl),"307,191","157,628","149,563","40,075","21,187","18,888","225,298","123,760","101,538",949,891,84.34,90.71,77.70
27,MAHARASHTRA,7,18,Jalna (M Cl),"285,349","147,714","137,635","37,695","19,982","17,713","209,531","116,300","93,231",932,886,84.61,91.05,77.74
27,MAHARASHTRA,71,19,Aurangabad (M Corp.),"1,171,330","610,377","560,953","151,827","81,671","70,156","908,725","497,404","411,321",919,859,89.13,94.08,83.81
27,MAHARASHTRA,71,20,Nashik (M Corp.),"1,486,973","784,995","701,978","169,753","91,457","78,296","1,198,144","658,585","539,559",894,856,90.96,94.96,86.51
27,MAHARASHTRA,71,20,Malegoan (M Corp.),"471,006","239,243","231,763","74,494","38,387","36,107","343,611","181,084","162,527",969,941,86.66,90.16,83.07
27,MAHARASHTRA,7,21,Vasai Virar City (M Corp.),"1,221,233","649,535","571,698","137,343","71,716","65,627","987,916","548,138","439,778",880,915,91.15,94.86,86.90
27,MAHARASHTRA,71,21,Bhiwandi (M Corp.),"711,329","418,478","292,851","88,613","45,820","42,793","507,722","314,906","192,816",700,934,81.53,84.50,77.11
27,MAHARASHTRA,71,99,Greater Mumbai (M Corp.),"12,478,447","6,736,815","5,741,632","1,139,146","599,007","540,139","10,237,586","5,727,774","4,509,812",852,902,90.28,93.32,86.70
27,MAHARASHTRA,71,21,Mira-Bhayander (M Corp.),"814,655","434,330","380,325","84,238","44,688","39,550","684,165","375,671","308,494",876,885,93.67,96.41,90.53
27,MAHARASHTRA,71,21,Thane (M Corp.),"1,818,872","966,293","852,579","186,259","98,017","88,242","1,491,552","817,828","673,724",882,900,91.36,94.19,88.14
27,MAHARASHTRA,71,21,Navi Mumbai (M Corp.),"1,119,477","611,501","507,976","124,015","65,230","58,785","911,542","519,257","392,285",831,901,91.57,95.05,87.33
27,MAHARASHTRA,71,21,Kalyan-Dombivali (M Corp.),"1,246,381","650,075","596,306","117,167","61,919","55,248","1,050,798","565,304","485,494",917,892,93.06,96.11,89.73
27,MAHARASHTRA,71,21,Ulhasnagar (M Corp.),"506,937","270,373","236,564","48,513","25,492","23,021","408,959","227,975","180,984",875,903,89.21,93.10,84.75
27,MAHARASHTRA,71,21,Ambernath (M Cl),"254,003","133,006","120,997","27,465","14,406","13,059","201,707","111,273","90,434",910,906,89.04,93.82,83.78
27,MAHARASHTRA,71,21,Badalapur (M Cl),"175,516","91,695","83,821","17,194","9,096","8,098","146,259","78,910","67,349",914,890,92.38,95.53,88.94
27,MAHARASHTRA,7,24,Panvel (M Cl),"180,464","93,135","87,329","17,512","9,213","8,299","153,138","80,790","72,348",938,901,93.98,96.27,91.54
27,MAHARASHTRA,8,24,Navi Mumbai Panvel Raigad (CT),"194,999","107,771","87,228","25,679","13,633","12,046","153,608","88,833","64,775",809,884,90.72,94.36,86.16
27,MAHARASHTRA,71,25,Pune (M Corp.),"3,115,431","1,602,137","1,513,294","324,572","171,152","153,420","2,556,743","1,361,257","1,195,486",945,896,91.61,95.13,87.91
27,MAHARASHTRA,71,25,Pimpri-Chinchwad (M Corp.),"1,729,359","945,953","783,406","216,695","116,421","100,274","1,374,986","784,984","590,002",828,861,90.90,94.63,86.37
27,MAHARASHTRA,71,26,Ahmadnagar (M Corp.),"350,905","179,755","171,150","36,712","19,748","16,964","287,468","152,819","134,649",952,859,91.49,95.51,87.33
27,MAHARASHTRA,7,27,Bid (M Cl),"146,237","75,655","70,582","19,580","10,626","8,954","112,171","61,135","51,036",933,843,88.56,94.01,82.81
27,MAHARASHTRA,7,28,Latur (M Cl),"382,754","198,151","184,603","45,822","24,773","21,049","291,226","160,070","131,156",932,850,86.43,92.32,80.19
27,MAHARASHTRA,7,28,Udgir (M Cl),"104,063","54,445","49,618","13,075","6,933","6,142","78,051","43,518","34,533",911,886,85.78,91.59,79.43
27,MAHARASHTRA,7,29,Osmanabad (M Cl),"112,085","58,098","53,987","13,346","7,184","6,162","87,041","47,577","39,464",929,858,88.15,93.45,82.52
27,MAHARASHTRA,7,30,Barshi (M Cl),"118,573","60,857","57,716","13,029","7,060","5,969","91,260","49,965","41,295",948,845,86.47,92.88,79.80
27,MAHARASHTRA,7,30,Solapur (M Corp.),"951,118","482,194","468,924","104,466","54,728","49,738","710,180","390,335","319,845",972,909,83.88,91.31,76.30
27,MAHARASHTRA,71,31,Satara (M Cl),"120,079","61,075","59,004","11,023","5,833","5,190","101,320","53,241","48,079",966,890,92.91,96.38,89.34
27,MAHARASHTRA,71,34,Ichalkaranji (M Cl),"287,570","149,691","137,879","32,880","17,402","15,478","223,752","123,878","99,874",921,889,87.85,93.64,81.60
27,MAHARASHTRA,71,34,Kolapur (M Corp.),"549,283","280,820","268,463","49,914","27,245","22,669","459,999","244,256","215,743",956,832,92.12,96.32,87.77
27,MAHARASHTRA,71,35,Sangli Miraj Kupwad (M Corp.),"502,697","255,270","247,427","51,536","27,524","24,012","397,395","212,703","184,692",969,872,88.08,93.39,82.67
28,ANDHRA PRADESH,71,01,Adilabad (M),"117,388","59,232","58,156","13,103","6,731","6,372","83,955","46,295","37,660",982,947,80.51,88.18,72.73
28,ANDHRA PRADESH,7,02,Nizamabad (M Corp.),"310,467","155,163","155,304","34,256","17,408","16,848","221,829","119,603","102,226",1001,968,80.31,86.82,73.83
28,ANDHRA PRADESH,71,03,Ramagundam (M),"229,632","116,920","112,712","16,967","8,946","8,021","160,646","89,722","70,924",964,897,75.54,83.10,67.75
28,ANDHRA PRADESH,71,03,Karimnagar (M Corp.),"260,899","131,769","129,130","25,035","12,831","12,204","204,614","110,146","94,468",980,951,86.75,92.61,80.79
28,ANDHRA PRADESH,71,99,Greater Hyderabad (M Corp.),"6,809,970","3,500,802","3,309,168","725,816","373,794","352,022","5,047,705","2,688,111","2,359,594",945,942,82.96,85.96,79.79
28,ANDHRA PRADESH,71,05,Secunderabad (CB),"213,698","111,664","102,034","19,802","10,113","9,689","170,148","92,956","77,192",914,958,87.75,91.54,83.59
28,ANDHRA PRADESH,71,07,Mahbubnagar (M),"157,902","79,423","78,479","16,791","8,761","8,030","119,626","64,187","55,439",988,917,84.77,90.84,78.69
28,ANDHRA PRADESH,71,08,Suryapet (M),"105,250","52,138","53,112","9,388","4,822","4,566","81,366","43,143","38,223",1019,947,84.88,91.18,78.74
28,ANDHRA PRADESH,71,08,Nalgonda (M),"135,163","67,749","67,414","13,562","6,924","6,638","105,885","56,100","49,785",995,959,87.08,92.23,81.92
28,ANDHRA PRADESH,71,08,Miryalaguda (M),"103,855","52,048","51,807","10,435","5,357","5,078","76,693","41,697","34,996",995,948,82.09,89.30,74.89
28,ANDHRA PRADESH,71,09,Warangal (M Corp.),"620,116","310,400","309,716","55,392","28,434","26,958","475,247","258,111","217,136",998,948,84.16,91.54,76.79
28,ANDHRA PRADESH,71,10,"Khammam (M) 
","184,252","91,019","93,233","17,131","8,876","8,255","136,532","71,580","64,952",1024,930,81.70,87.14,76.43
28,ANDHRA PRADESH,71,11,Srikakulam (M),"126,003","62,583","63,420","11,001","5,686","5,315","97,904","52,029","45,875",1013,935,85.13,91.44,78.95
28,ANDHRA PRADESH,71,12,Vizianagaram (M),"227,533","111,596","115,937","20,487","10,495","9,992","169,461","89,155","80,306",1039,952,81.85,88.18,75.80
28,ANDHRA PRADESH,7,13,GVMC (MC),"1,730,320","875,199","855,121","158,924","81,119","77,805","1,298,896","698,959","599,937",977,959,82.66,88.02,77.18
28,ANDHRA PRADESH,71,14,Rajahmundry (M Corp.),"343,903","169,786","174,117","29,883","15,152","14,731","264,653","136,288","128,365",1026,972,84.28,88.14,80.54
28,ANDHRA PRADESH,71,14,Kakinada (M Corp.),"312,255","152,596","159,659","27,181","13,777","13,404","231,559","117,829","113,730",1046,973,81.23,84.88,77.76
28,ANDHRA PRADESH,71,15,Tadepalligudem (M),"103,577","51,176","52,401","9,048","4,662","4,386","78,557","40,283","38,274",1024,941,83.10,86.60,79.71
28,ANDHRA PRADESH,71,15,Eluru (M Corp.),"214,414","105,707","108,707","18,125","9,048","9,077","145,516","74,521","70,995",1028,1003,74.13,77.10,71.26
28,ANDHRA PRADESH,71,15,Bhimavaram (M),"142,280","70,066","72,214","12,157","6,149","6,008","108,535","55,523","53,012",1031,977,83.41,86.87,80.07
28,ANDHRA PRADESH,71,16,Vijayawada (M Corp.),"1,048,240","524,918","523,322","92,848","47,582","45,266","789,038","411,677","377,361",997,951,82.59,86.24,78.94
28,ANDHRA PRADESH,7,16,Gudivada (M),"118,289","58,941","59,348","9,952","5,081","4,871","89,009","46,529","42,480",1007,959,82.16,86.39,77.98
28,ANDHRA PRADESH,7,16,Machilipatnam (M),"170,008","83,561","86,447","13,778","7,076","6,702","130,173","66,337","63,836",1035,947,83.32,86.73,80.05
28,ANDHRA PRADESH,71,17,Narasaraopet (M),"116,329","58,898","57,431","10,445","5,390","5,055","84,123","45,796","38,327",975,938,79.45,85.59,73.18
28,ANDHRA PRADESH,71,17,Guntur (M Corp.),"651,382","323,151","328,231","59,486","30,307","29,179","480,068","252,677","227,391",1016,963,81.11,86.28,76.04
28,ANDHRA PRADESH,7,17,Chilakaluripet (M),"101,550","50,201","51,349","9,525","4,916","4,609","66,336","36,472","29,864",1023,938,72.08,80.54,63.89
28,ANDHRA PRADESH,7,17,Tenali (M),"164,649","81,324","83,325","13,040","6,630","6,410","125,275","64,968","60,307",1025,967,82.63,86.98,78.41
28,ANDHRA PRADESH,71,18,Ongole (M),"202,826","101,728","101,098","18,673","9,651","9,022","153,888","82,322","71,566",994,935,83.57,89.41,77.72
28,ANDHRA PRADESH,71,19,Nellore (M Corp.),"505,258","257,043","248,215","42,041","21,701","20,340","387,192","205,988","181,204",966,937,83.59,87.53,79.52
28,ANDHRA PRADESH,71,20,Proddatur (M),"162,816","81,368","81,448","15,516","7,999","7,517","115,011","63,111","51,900",1001,940,78.08,86.02,70.20
28,ANDHRA PRADESH,71,20,Kadapa (M Corp.),"341,823","171,797","170,026","36,299","18,876","17,423","242,540","131,847","110,693",990,923,79.38,86.22,72.54
28,ANDHRA PRADESH,71,21,Kurnool (M Corp.),"424,920","211,875","213,045","44,264","22,875","21,389","297,490","158,744","138,746",1006,935,78.15,83.99,72.39
28,ANDHRA PRADESH,71,21,Adoni (M),"166,537","82,743","83,794","18,406","9,355","9,051","101,292","56,203","45,089",1013,968,68.38,76.58,60.33
28,ANDHRA PRADESH,71,21,Nandyal (M),"200,746","100,770","99,976","20,588","10,723","9,865","138,525","75,749","62,776",992,920,76.89,84.12,69.67
28,ANDHRA PRADESH,71,22,Anantapur (M Corp.),"262,340","131,506","130,834","23,630","12,409","11,221","195,452","105,452","90,000",995,904,81.88,88.54,75.24
28,ANDHRA PRADESH,7,22,Guntakal (M),"126,479","62,695","63,784","12,614","6,495","6,119","86,197","47,471","38,726",1017,942,75.70,84.47,67.16
28,ANDHRA PRADESH,7,22,Tadpatri (M),"108,249","54,027","54,222","11,325","5,813","5,512","69,948","39,781","30,167",1004,948,72.17,82.51,61.93
28,ANDHRA PRADESH,7,22,Dharmavaram (M),"121,992","62,186","59,806","11,963","6,441","5,522","79,037","45,025","34,012",962,857,71.83,80.77,62.66
28,ANDHRA PRADESH,7,22,Hindupur (M),"151,835","76,625","75,210","16,309","8,263","8,046","103,538","56,177","47,361",982,974,76.40,82.18,70.52
28,ANDHRA PRADESH,71,23,Tirupati (M Corp.),"287,035","145,977","141,058","24,643","12,869","11,774","229,730","123,449","106,281",966,915,87.55,92.74,82.21
28,ANDHRA PRADESH,71,23,Madanapalle (M),"135,669","67,432","68,237","13,448","6,944","6,504","99,486","52,994","46,492",1012,937,81.40,87.61,75.31
28,ANDHRA PRADESH,71,23,Chittoor (M),"153,766","76,566","77,200","13,569","7,112","6,457","121,094","63,681","57,413",1008,908,86.37,91.69,81.16
29,KARNATAKA,71,01,Belgaum (M Corp.),"488,292","246,407","241,885","49,848","25,749","24,099","396,736","208,546","188,190",982,936,90.49,94.51,86.41
29,KARNATAKA,7,02,Bagalkot (CMC),"112,068","56,837","55,231","12,399","6,476","5,923","85,860","46,623","39,237",972,915,86.15,92.58,79.58
29,KARNATAKA,7,03,Bijapur (CMC),"326,360","165,122","161,238","39,134","20,482","18,652","239,631","128,615","111,016",976,911,83.43,88.92,77.86
29,KARNATAKA,71,04,Bidar (CMC),"211,944","109,435","102,509","25,077","13,103","11,974","163,781","89,472","74,309",937,914,87.65,92.88,82.08
29,KARNATAKA,7,05,Raichur (CMC),"232,456","117,408","115,048","27,924","14,286","13,638","158,452","86,973","71,479",980,955,77.47,84.34,70.49
29,KARNATAKA,71,06,Gangawati (CMC),"105,354","52,678","52,676","13,122","6,709","6,413","70,630","39,027","31,603",1000,956,76.58,84.90,68.31
29,KARNATAKA,7,07,Gadag-Betigeri (CMC),"172,813","86,165","86,648","18,419","9,519","8,900","132,094","70,035","62,059",1006,935,85.56,91.37,79.82
29,KARNATAKA,7,08,Hubli-Dharwad *(M Corp.),"943,857","475,980","467,877","99,989","51,293","48,696","736,506","389,290","347,216",983,949,87.28,91.67,82.83
29,KARNATAKA,7,10,Ranibennur (CMC),"106,365","53,933","52,432","11,572","5,982","5,590","85,298","43,234","42,064",972,934,89.98,90.16,89.80
29,KARNATAKA,7,11,Hospet (CMC),"206,159","102,923","103,236","26,478","13,508","12,970","143,776","77,678","66,098",1003,960,80.02,86.87,73.23
29,KARNATAKA,7,11,Bellary (M Corp.),"409,644","206,026","203,618","49,587","25,337","24,250","281,768","153,275","128,493",988,957,78.26,84.83,71.64
29,KARNATAKA,71,12,Chitradurga (CMC),"139,914","70,304","69,610","14,282","7,349","6,933","111,514","58,257","53,257",990,943,88.76,92.54,84.97
29,KARNATAKA,7,13,Davanagere (M Corp.),"435,128","220,544","214,584","44,545","22,888","21,657","331,551","175,747","155,804",973,946,84.89,88.92,80.76
29,KARNATAKA,7,14,Shimoga (CMC),"322,428","161,978","160,450","31,626","16,130","15,496","255,971","133,191","122,780",991,961,88.02,91.32,84.70
29,KARNATAKA,7,14,Bhadravati (CMC),"150,776","75,020","75,756","14,000","7,087","6,913","118,446","62,199","56,247",1010,975,86.60,91.56,81.70
29,KARNATAKA,71,15,Udupi (CMC),"125,350","62,031","63,319","10,283","5,364","4,919","108,041","54,690","53,351",1021,917,93.89,96.51,91.35
29,KARNATAKA,7,16,Chikmagalur (CMC),"118,496","58,859","59,637","10,931","5,599","5,332","96,586","49,742","46,844",1013,952,89.79,93.39,86.26
29,KARNATAKA,7,17,Tumkur (CMC),"305,821","155,406","150,415","29,655","15,233","14,422","237,424","123,904","113,520",968,947,85.97,88.39,83.47
29,KARNATAKA,71,18,BBMP (M Corp.),"8,425,970","4,401,299","4,024,671","862,493","444,639","417,854","6,775,942","3,664,959","3,110,983",914,940,89.59,92.63,86.25
29,KARNATAKA,7,19,Mandya (CMC),"137,735","68,748","68,987","13,269","6,826","6,443","105,938","55,442","50,496",1003,944,85.11,89.54,80.74
29,KARNATAKA,71,20,Hassan (CMC),"133,723","66,380","67,343","12,670","6,517","6,153","109,564","55,610","53,954",1015,944,90.51,92.90,88.17
29,KARNATAKA,71,21,Mangalore (M Corp.),"484,785","240,651","244,134","41,471","21,485","19,986","416,863","211,482","205,381",1014,930,94.03,96.49,91.63
29,KARNATAKA,71,23,Mysore (M Corp.),"887,446","443,813","443,633","77,988","40,106","37,882","702,896","363,157","339,739",1000,945,86.84,89.96,83.73
29,KARNATAKA,71,25,Gulbarga (M Corp.),"532,031","272,451","259,580","69,146","36,073","33,073","387,470","210,817","176,653",953,917,83.71,89.19,77.99
29,KARNATAKA,7,27,Kolar (CMC),"138,553","70,064","68,489","15,993","8,055","7,938","102,978","54,121","48,857",978,985,84.02,87.28,80.69
29,KARNATAKA,71,27,Robertson Pet (CMC),"146,428","72,378","74,050","13,322","6,619","6,703","119,258","61,304","57,954",1023,1013,89.60,93.23,86.05
32,KERALA,71,04,Kozhikode (M Corp.),"432,097","206,494","225,603","41,574","21,208","20,366","378,033","181,451","196,582",1093,960,96.80,97.93,95.78
32,KERALA,71,06,Palakkad (M),"131,019","63,833","67,186","11,614","5,930","5,684","112,479","56,065","56,414",1053,959,94.20,96.83,91.73
32,KERALA,71,07,Thrissur (M.Corp),"315,596","151,999","163,597","25,252","12,953","12,299","282,338","136,694","145,644",1076,950,97.24,98.31,96.26
32,KERALA,71,08,Kochi (M Corp.),"601,574","296,668","304,906","52,466","26,863","25,603","535,318","265,256","270,062",1028,953,97.49,98.31,96.69
32,KERALA,71,11,Alappuzha (M),"174,164","83,888","90,276","15,434","7,934","7,500","153,269","74,454","78,815",1076,945,96.56,98.03,95.21
32,KERALA,71,13,Kollam (M Corp.),"349,033","168,076","180,957","31,304","16,018","15,286","292,641","142,714","149,927",1077,954,92.10,93.85,90.50
32,KERALA,71,14,Thiruvananthapuram (M Corp.),"752,490","364,657","387,833","61,619","31,156","30,463","647,479","316,614","330,865",1064,978,93.72,94.94,92.58
33,TAMIL NADU,71,02,Chennai (M Corp.),"4,681,087","2,357,633","2,323,454","418,541","213,084","205,457","3,850,472","2,004,498","1,845,974",986,964,90.33,93.47,87.16
33,TAMIL NADU,71,01,Avadi (M),"344,701","175,055","169,646","33,414","17,005","16,409","275,881","145,729","130,152",969,965,88.63,92.20,84.94
33,TAMIL NADU,71,01,Tiruvottiyur (M),"248,059","124,852","123,207","24,007","12,185","11,822","197,646","103,197","94,449",987,970,88.21,91.59,84.80
33,TAMIL NADU,71,01,Madavaram (M),"118,525","59,631","58,894","11,835","6,049","5,786","96,308","50,467","45,841",988,957,90.27,94.19,86.32
33,TAMIL NADU,71,01,Ambattur (M),"478,134","241,181","236,953","45,216","23,065","22,151","401,253","208,748","192,505",982,960,92.69,95.71,89.62
33,TAMIL NADU,71,03,Alandur (M),"164,162","82,190","81,972","14,486","7,336","7,150","142,415","72,755","69,660",997,975,95.15,97.20,93.10
33,TAMIL NADU,71,03,Pallavaram (M),"216,308","108,381","107,927","20,936","10,585","10,351","182,201","93,828","88,373",996,978,93.26,95.94,90.57
33,TAMIL NADU,71,03,Tambaram (M),"176,807","90,803","86,004","16,048","7,947","8,101","150,667","79,383","71,284",947,1019,93.72,95.81,91.50
33,TAMIL NADU,71,03,Kancheepuram (M),"164,265","81,990","82,275","14,464","7,331","7,133","132,348","69,538","62,810",1003,973,88.35,93.14,83.59
33,TAMIL NADU,71,04,Vellore (M Corp.),"185,895","91,464","94,431","18,363","9,305","9,058","145,192","75,321","69,871",1032,973,86.67,91.68,81.84
33,TAMIL NADU,7,04,Ambur (M),"113,856","56,052","57,804","12,150","6,216","5,934","88,309","45,439","42,870",1031,955,86.83,91.18,82.65
33,TAMIL NADU,7,05,Tiruvannamalai (M),"144,683","72,351","72,332","14,530","7,413","7,117","106,256","55,585","50,671",1000,960,81.64,85.60,77.70
33,TAMIL NADU,71,07,Salem (M Corp.),"831,038","418,337","412,701","73,218","37,452","35,766","642,662","341,725","300,937",987,955,84.80,89.72,79.84
33,TAMIL NADU,71,09,Erode (M Corp.),"156,953","78,094","78,859","13,675","6,935","6,740","126,638","66,307","60,331",1010,972,88.39,93.18,83.65
33,TAMIL NADU,71,11,Dindigul (M),"207,225","102,927","104,298","18,230","9,301","8,929","171,130","88,360","82,770",1013,960,90.55,94.38,86.79
33,TAMIL NADU,71,13,Tiruchirappalli (M Corp.),"846,915","418,128","428,787","74,381","37,866","36,515","705,492","359,975","345,517",1025,964,91.32,94.66,88.08
33,TAMIL NADU,81,16,Neyveli (TS) (CT),"105,687","53,442","52,245","6,634","3,496","3,138","90,114","47,876","42,238",978,898,90.98,95.86,86.01
33,TAMIL NADU,7,16,Cuddalore (M),"173,361","85,593","87,768","15,940","8,153","7,787","139,388","72,083","67,305",1025,955,88.54,93.08,84.15
33,TAMIL NADU,7,17,Nagapattinam (M),"102,838","50,809","52,029","11,308","5,858","5,450","81,913","42,374","39,539",1024,930,89.49,94.27,84.89
33,TAMIL NADU,71,19,Kumbakonam (M),"140,113","69,350","70,763","11,972","6,032","5,940","117,500","60,262","57,238",1020,985,91.70,95.17,88.30
33,TAMIL NADU,71,19,Thanjavur (M),"222,619","109,291","113,328","18,584","9,581","9,003","186,643","94,696","91,947",1037,940,91.48,94.97,88.14
33,TAMIL NADU,7,20,Pudukkottai (M),"117,215","58,601","58,614","10,853","5,566","5,287","98,054","50,798","47,256",1000,950,92.19,95.78,88.62
33,TAMIL NADU,71,21,Karaikkudi (M),"106,793","53,425","53,368","9,940","5,045","4,895","88,380","46,114","42,266",999,970,91.25,95.32,87.19
33,TAMIL NADU,71,22,Madurai (M Corp.),"1,016,885","509,313","507,572","91,497","46,785","44,712","845,990","440,419","405,571",997,956,91.42,95.22,87.62
33,TAMIL NADU,7,24,Rajapalayam (M),"130,119","64,624","65,495","10,504","5,371","5,133","103,172","54,622","48,550",1013,956,86.25,92.18,80.43
33,TAMIL NADU,71,26,Thoothukkudi (M Corp.),"237,374","118,039","119,335","23,443","11,864","11,579","202,105","102,369","99,736",1011,976,94.47,96.42,92.56
33,TAMIL NADU,71,27,Tirunelveli (M Corp.),"474,838","234,643","240,195","43,988","22,511","21,477","391,972","201,509","190,463",1024,954,90.98,94.99,87.08
33,TAMIL NADU,7,28,Nagercoil (M),"224,329","110,132","114,197","19,034","9,599","9,435","195,748","97,545","98,203",1037,983,95.35,97.03,93.74
33,TAMIL NADU,71,30,Hosur (M),"116,821","59,411","57,410","13,288","6,746","6,542","91,358","48,225","43,133",966,970,88.24,91.57,84.79
33,TAMIL NADU,71,31,Coimbatore (M Corp.),"1,061,447","531,017","530,430","96,261","49,040","47,221","885,471","457,982","427,489",999,963,91.74,95.02,88.47
33,TAMIL NADU,71,31,Kurichi (M),"125,800","63,033","62,767","12,092","6,111","5,981","102,816","53,578","49,238",996,979,90.42,94.13,86.71
33,TAMIL NADU,71,32,Tiruppur (M Corp.),"444,543","227,469","217,074","45,091","23,039","22,052","350,206","189,496","160,710",954,957,87.67,92.69,82.41
34,PUDUCHERRY,71,02,Puducherry (M),"241,773","118,205","123,568","22,412","11,245","11,167","195,861","100,419","95,442",1045,993,89.29,93.88,84.91
34,PUDUCHERRY,71,02,Ozhukarai (M),"300,028","148,154","151,874","29,214","14,910","14,304","244,264","126,663","117,601",1025,959,90.20,95.06,85.48
35,ANDAMAN & NICOBAR ISLANDS,7,03,Port Blair (MC),"100,608","53,247","47,361","9,358","4,852","4,506","81,908","44,908","37,000",889,929,89.76,92.79,86.34